"fileName","cleanTitle","url","date","size","genre","rating"
"Ace Combat 04 - Shattered Skies (USA).zip","Ace Combat 04 - Shattered Skies","https://myrient.erista.me/files/Redump/Sony%20-%20PlayStation%202/Ace%20Combat%2004%20-%20Shattered%20Skies%20%28USA%29.zip","28-Mar-2022 22:25","2.6 GiB","Sports",8.8
"Ace Combat 5 - The Unsung War (USA) (En,Ja).zip","Ace Combat 5 - The Unsung War","https://myrient.erista.me/files/Redump/Sony%20-%20PlayStation%202/Ace%20Combat%205%20-%20The%20Unsung%20War%20%28USA%29%20%28En%2CJa%29.zip","29-Mar-2022 05:26","3.4 GiB","Shooter",9.0
"Ace Combat Zero - The Belkan War (USA).zip","Ace Combat Zero - The Belkan War","https://myrient.erista.me/files/Redump/Sony%20-%20PlayStation%202/Ace%20Combat%20Zero%20-%20The%20Belkan%20War%20%28USA%29.zip","30-Mar-2022 03:12","3.0 GiB","Shooter",8.8
"Amplitude (USA).zip","Amplitude","https://myrient.erista.me/files/Redump/Sony%20-%20PlayStation%202/Amplitude%20%28USA%29.zip","28-Mar-2022 20:57","1.5 GiB","Music/Rhythm",8.6
"Ar Tonelico - Melody of Elemia (USA).zip","Ar Tonelico - Melody of Elemia","https://myrient.erista.me/files/Redump/Sony%20-%20PlayStation%202/Ar%20Tonelico%20-%20Melody%20of%20Elemia%20%28USA%29.zip","18-Feb-2025 03:47","2.6 GiB","RPG",8.0
"Ar Tonelico II - Melody of Metafalica (USA).zip","Ar Tonelico II - Melody of Metafalica","https://myrient.erista.me/files/Redump/Sony%20-%20PlayStation%202/Ar%20Tonelico%20II%20-%20Melody%20of%20Metafalica%20%28USA%29.zip","18-Feb-2025 03:48","3.6 GiB","RPG",8.2
"Arc the Lad - Twilight of the Spirits (USA).zip","Arc the Lad - Twilight of the Spirits","https://myrient.erista.me/files/Redump/Sony%20-%20PlayStation%202/Arc%20the%20Lad%20-%20Twilight%20of%20the%20Spirits%20%28USA%29.zip","30-Mar-2022 04:57","2.5 GiB","Action",8.1
"Area 51 (USA).zip","Area 51","https://myrient.erista.me/files/Redump/Sony%20-%20PlayStation%202/Area%2051%20%28USA%29.zip","30-Mar-2022 08:54","2.4 GiB","Shooter",7.5
"Armored Core - Last Raven (USA).zip","Armored Core - Last Raven","https://myrient.erista.me/files/Redump/Sony%20-%20PlayStation%202/Armored%20Core%20-%20Last%20Raven%20%28USA%29.zip","29-Mar-2022 16:23","2.1 GiB","Action",8.5
"Armored Core 3 (USA).zip","Armored Core 3","https://myrient.erista.me/files/Redump/Sony%20-%20PlayStation%202/Armored%20Core%203%20%28USA%29.zip","29-Mar-2022 17:51","1.1 GiB","Action",8.4
"Army Men - Sarge's War (Europe) (En,Fr,De,Es,It).zip","Army Men - Sarge's War","https://myrient.erista.me/files/Redump/Sony%20-%20PlayStation%202/Army%20Men%20-%20Sarge%27s%20War%20%28Europe%29%20%28En%2CFr%2CDe%2CEs%2CIt%29.zip","28-Mar-2022 23:25","3.0 GiB","Shooter",7.0
"Atelier Iris - Eternal Mana (USA).zip","Atelier Iris - Eternal Mana","https://myrient.erista.me/files/Redump/Sony%20-%20PlayStation%202/Atelier%20Iris%20-%20Eternal%20Mana%20%28USA%29.zip","28-Mar-2022 13:12","1.8 GiB","RPG",8.0
"Atelier Iris 2 - The Azoth of Destiny (USA).zip","Atelier Iris 2 - The Azoth of Destiny","https://myrient.erista.me/files/Redump/Sony%20-%20PlayStation%202/Atelier%20Iris%202%20-%20The%20Azoth%20of%20Destiny%20%28USA%29.zip","28-Mar-2022 09:18","1.2 GiB","RPG",8.1
"Baldur's Gate - Dark Alliance (USA).zip","Baldur's Gate - Dark Alliance","https://myrient.erista.me/files/Redump/Sony%20-%20PlayStation%202/Baldur%27s%20Gate%20-%20Dark%20Alliance%20%28USA%29.zip","29-Mar-2022 17:45","2.9 GiB","RPG",8.7
"Baldur's Gate - Dark Alliance II (USA).zip","Baldur's Gate - Dark Alliance II","https://myrient.erista.me/files/Redump/Sony%20-%20PlayStation%202/Baldur%27s%20Gate%20-%20Dark%20Alliance%20II%20%28USA%29.zip","29-Mar-2022 09:31","2.2 GiB","RPG",8.6
"Batman - Rise of Sin Tzu (USA) (En,Fr,Es).zip","Batman - Rise of Sin Tzu","https://myrient.erista.me/files/Redump/Sony%20-%20PlayStation%202/Batman%20-%20Rise%20of%20Sin%20Tzu%20%28USA%29%20%28En%2CFr%2CEs%29.zip","30-Mar-2022 05:14","3.3 GiB","Action",7.3
"Batman Begins (USA).zip","Batman Begins","https://myrient.erista.me/files/Redump/Sony%20-%20PlayStation%202/Batman%20Begins%20%28USA%29.zip","28-Mar-2022 10:27","1.7 GiB","Action",7.8
"Battlefield 2 - Modern Combat (USA) (Demo 1).zip","Battlefield 2 - Modern Combat","https://myrient.erista.me/files/Redump/Sony%20-%20PlayStation%202/Battlefield%202%20-%20Modern%20Combat%20%28USA%29%20%28Demo%201%29.zip","30-Mar-2022 06:41","213.9 MiB","Shooter",8.0
"Beyond Good & Evil (USA) (En,Fr,Es).zip","Beyond Good & Evil","https://myrient.erista.me/files/Redump/Sony%20-%20PlayStation%202/Beyond%20Good%20%26%20Evil%20%28USA%29%20%28En%2CFr%2CEs%29.zip","29-Mar-2022 06:48","1.5 GiB","Adventure",8.8
"Black (USA).zip","Black","https://myrient.erista.me/files/Redump/Sony%20-%20PlayStation%202/Black%20%28USA%29.zip","28-Mar-2022 20:09","1.2 GiB","Action",8.3
"Bleach - Blade Battlers (Japan).zip","Bleach - Blade Battlers","https://myrient.erista.me/files/Redump/Sony%20-%20PlayStation%202/Bleach%20-%20Blade%20Battlers%20%28Japan%29.zip","29-Mar-2022 00:02","1.0 GiB","Fighting",7.6
"Bleach - Blade Battlers 2nd (Japan).zip","Bleach - Blade Battlers 2nd","https://myrient.erista.me/files/Redump/Sony%20-%20PlayStation%202/Bleach%20-%20Blade%20Battlers%202nd%20%28Japan%29.zip","28-Mar-2022 05:47","1.0 GiB","Fighting",7.7
"BloodRayne (USA).zip","BloodRayne","https://myrient.erista.me/files/Redump/Sony%20-%20PlayStation%202/BloodRayne%20%28USA%29.zip","29-Mar-2022 03:07","787.7 MiB","Action",7.8
"BloodRayne 2 (USA).zip","BloodRayne 2","https://myrient.erista.me/files/Redump/Sony%20-%20PlayStation%202/BloodRayne%202%20%28USA%29.zip","28-Mar-2022 14:25","3.5 GiB","Action",7.6
"Breath of Fire - Dragon Quarter (USA).zip","Breath of Fire - Dragon Quarter","https://myrient.erista.me/files/Redump/Sony%20-%20PlayStation%202/Breath%20of%20Fire%20-%20Dragon%20Quarter%20%28USA%29.zip","29-Mar-2022 14:49","994.2 MiB","RPG",7.8
"Brothers in Arms - Earned in Blood (USA).zip","Brothers in Arms - Earned in Blood","https://myrient.erista.me/files/Redump/Sony%20-%20PlayStation%202/Brothers%20in%20Arms%20-%20Earned%20in%20Blood%20%28USA%29.zip","29-Mar-2022 16:47","1.8 GiB","Shooter",8.3
"Brothers in Arms - Road to Hill 30 (USA).zip","Brothers in Arms - Road to Hill 30","https://myrient.erista.me/files/Redump/Sony%20-%20PlayStation%202/Brothers%20in%20Arms%20-%20Road%20to%20Hill%2030%20%28USA%29.zip","28-Mar-2022 22:37","2.0 GiB","Shooter",8.5
"Bully (USA).zip","Bully","https://myrient.erista.me/files/Redump/Sony%20-%20PlayStation%202/Bully%20%28USA%29.zip","29-Mar-2022 00:11","2.3 GiB","Action",8.7
"Burnout 3 - Takedown (USA).zip","Burnout 3 - Takedown","https://myrient.erista.me/files/Redump/Sony%20-%20PlayStation%202/Burnout%203%20-%20Takedown%20%28USA%29.zip","29-Mar-2022 05:22","1.9 GiB","Racing",9.2
"Burnout Revenge (USA).zip","Burnout Revenge","https://myrient.erista.me/files/Redump/Sony%20-%20PlayStation%202/Burnout%20Revenge%20%28USA%29.zip","29-Mar-2022 03:40","1.8 GiB","Racing",8.8
"Call of Duty - Finest Hour (USA) (v1.04).zip","Call of Duty - Finest Hour","https://myrient.erista.me/files/Redump/Sony%20-%20PlayStation%202/Call%20of%20Duty%20-%20Finest%20Hour%20%28USA%29%20%28v1.04%29.zip","05-Apr-2022 20:42","1.5 GiB","Shooter",8.3
"Call of Duty 2 - Big Red One (USA) (Collector's Edition).zip","Call of Duty 2 - Big Red One","https://myrient.erista.me/files/Redump/Sony%20-%20PlayStation%202/Call%20of%20Duty%202%20-%20Big%20Red%20One%20%28USA%29%20%28Collector%27s%20Edition%29.zip","28-Mar-2022 17:01","2.6 GiB","Shooter",8.4
"Call of Duty 3 (USA).zip","Call of Duty 3","https://myrient.erista.me/files/Redump/Sony%20-%20PlayStation%202/Call%20of%20Duty%203%20%28USA%29.zip","28-Mar-2022 09:55","2.5 GiB","Shooter",8.1
"Castlevania - Curse of Darkness (USA).zip","Castlevania - Curse of Darkness","https://myrient.erista.me/files/Redump/Sony%20-%20PlayStation%202/Castlevania%20-%20Curse%20of%20Darkness%20%28USA%29.zip","29-Mar-2022 23:49","2.7 GiB","Action",8.1
"Castlevania - Lament of Innocence (USA).zip","Castlevania - Lament of Innocence","https://myrient.erista.me/files/Redump/Sony%20-%20PlayStation%202/Castlevania%20-%20Lament%20of%20Innocence%20%28USA%29.zip","30-Mar-2022 08:36","2.3 GiB","Action",8.3
"Champions - Return to Arms (USA) (v1.01).zip","Champions - Return to Arms","https://myrient.erista.me/files/Redump/Sony%20-%20PlayStation%202/Champions%20-%20Return%20to%20Arms%20%28USA%29%20%28v1.01%29.zip","28-Mar-2022 06:37","3.0 GiB","RPG",8.3
"Champions of Norrath (USA).zip","Champions of Norrath","https://myrient.erista.me/files/Redump/Sony%20-%20PlayStation%202/Champions%20of%20Norrath%20%28USA%29.zip","30-Mar-2022 08:40","6.6 GiB","RPG",8.5
"Chaos Legion (USA) (En,Ja,Fr,Es).zip","Chaos Legion","https://myrient.erista.me/files/Redump/Sony%20-%20PlayStation%202/Chaos%20Legion%20%28USA%29%20%28En%2CJa%2CFr%2CEs%29.zip","28-Mar-2022 23:36","1.8 GiB","Action",7.4
"Clock Tower 3 (USA).zip","Clock Tower 3","https://myrient.erista.me/files/Redump/Sony%20-%20PlayStation%202/Clock%20Tower%203%20%28USA%29.zip","29-Mar-2022 19:48","3.0 GiB","Adventure",7.5
"Cold Fear (USA) (En,Fr,Es).zip","Cold Fear","https://myrient.erista.me/files/Redump/Sony%20-%20PlayStation%202/Cold%20Fear%20%28USA%29%20%28En%2CFr%2CEs%29.zip","30-Mar-2022 05:30","2.7 GiB","Shooter",7.6
"Conflict - Desert Storm (USA).zip","Conflict - Desert Storm","https://myrient.erista.me/files/Redump/Sony%20-%20PlayStation%202/Conflict%20-%20Desert%20Storm%20%28USA%29.zip","29-Mar-2022 09:52","1.5 GiB","Sports",8.0
"Conflict - Desert Storm II (Europe) (En,Fr,De,Es,It).zip","Conflict - Desert Storm II","https://myrient.erista.me/files/Redump/Sony%20-%20PlayStation%202/Conflict%20-%20Desert%20Storm%20II%20%28Europe%29%20%28En%2CFr%2CDe%2CEs%2CIt%29.zip","29-Mar-2022 22:37","1.4 GiB","Sports",8.1
"Conflict - Global Terror (USA).zip","Conflict - Global Terror","https://myrient.erista.me/files/Redump/Sony%20-%20PlayStation%202/Conflict%20-%20Global%20Terror%20%28USA%29.zip","30-Mar-2022 00:01","1.6 GiB","Sports",7.5
"Conflict - Vietnam (USA).zip","Conflict - Vietnam","https://myrient.erista.me/files/Redump/Sony%20-%20PlayStation%202/Conflict%20-%20Vietnam%20%28USA%29.zip","29-Mar-2022 03:50","1.7 GiB","Sports",7.8
"Constantine (USA).zip","Constantine","https://myrient.erista.me/files/Redump/Sony%20-%20PlayStation%202/Constantine%20%28USA%29.zip","30-Mar-2022 09:16","1.9 GiB","Action",7.0
"Contra - Shattered Soldier (USA) (En,Fr,Es).zip","Contra - Shattered Soldier","https://myrient.erista.me/files/Redump/Sony%20-%20PlayStation%202/Contra%20-%20Shattered%20Soldier%20%28USA%29%20%28En%2CFr%2CEs%29.zip","29-Mar-2022 01:40","544.7 MiB","Action",7.8
"Crash Bandicoot - The Wrath of Cortex (USA) (v1.00).zip","Crash Bandicoot - The Wrath of Cortex","https://myrient.erista.me/files/Redump/Sony%20-%20PlayStation%202/Crash%20Bandicoot%20-%20The%20Wrath%20of%20Cortex%20%28USA%29%20%28v1.00%29.zip","29-Mar-2022 16:55","389.6 MiB","Adventure",7.8
"Crimson Tears (USA).zip","Crimson Tears","https://myrient.erista.me/files/Redump/Sony%20-%20PlayStation%202/Crimson%20Tears%20%28USA%29.zip","29-Mar-2022 05:54","3.0 GiB","Action",6.9
"Dark Cloud (USA).zip","Dark Cloud","https://myrient.erista.me/files/Redump/Sony%20-%20PlayStation%202/Dark%20Cloud%20%28USA%29.zip","30-Mar-2022 08:34","850.5 MiB","Action",8.3
"Dark Cloud 2 (USA) (v1.00).zip","Dark Cloud 2","https://myrient.erista.me/files/Redump/Sony%20-%20PlayStation%202/Dark%20Cloud%202%20%28USA%29%20%28v1.00%29.zip","28-Mar-2022 13:01","2.7 GiB","Action",8.9
"Def Jam - Fight for NY (USA).zip","Def Jam - Fight for NY","https://myrient.erista.me/files/Redump/Sony%20-%20PlayStation%202/Def%20Jam%20-%20Fight%20for%20NY%20%28USA%29.zip","29-Mar-2022 17:32","2.1 GiB","Action",8.6
"Delta Force - Black Hawk Down (USA).zip","Delta Force - Black Hawk Down","https://myrient.erista.me/files/Redump/Sony%20-%20PlayStation%202/Delta%20Force%20-%20Black%20Hawk%20Down%20%28USA%29.zip","30-Mar-2022 09:16","906.0 MiB","Action",7.9
"Destroy All Humans! (USA).zip","Destroy All Humans!","https://myrient.erista.me/files/Redump/Sony%20-%20PlayStation%202/Destroy%20All%20Humans%21%20%28USA%29.zip","30-Mar-2022 02:43","2.2 GiB","Action",8.3
"Destroy All Humans! 2 (USA).zip","Destroy All Humans! 2","https://myrient.erista.me/files/Redump/Sony%20-%20PlayStation%202/Destroy%20All%20Humans%21%202%20%28USA%29.zip","30-Mar-2022 06:18","1.9 GiB","Action",8.4
"Devil May Cry (USA).zip","Devil May Cry","https://myrient.erista.me/files/Redump/Sony%20-%20PlayStation%202/Devil%20May%20Cry%20%28USA%29.zip","28-Mar-2022 14:53","2.1 GiB","Action",8.8
"Devil May Cry 3 - Dante's Awakening (USA) (En,Ja) (Special Edition).zip","Devil May Cry 3 - Dante's Awakening","https://myrient.erista.me/files/Redump/Sony%20-%20PlayStation%202/Devil%20May%20Cry%203%20-%20Dante%27s%20Awakening%20%28USA%29%20%28En%2CJa%29%20%28Special%20Edition%29.zip","30-Mar-2022 10:08","3.3 GiB","Action",9.0
"Disgaea - Hour of Darkness (USA) (Trade Demo).zip","Disgaea - Hour of Darkness","https://myrient.erista.me/files/Redump/Sony%20-%20PlayStation%202/Disgaea%20-%20Hour%20of%20Darkness%20%28USA%29%20%28Trade%20Demo%29.zip","20-Jul-2025 07:53","545.1 MiB","RPG",8.8
"Disgaea 2 - Cursed Memories (USA).zip","Disgaea 2 - Cursed Memories","https://myrient.erista.me/files/Redump/Sony%20-%20PlayStation%202/Disgaea%202%20-%20Cursed%20Memories%20%28USA%29.zip","30-Mar-2022 03:32","1.0 GiB","RPG",8.6
"Dragon Ball Z - Budokai (USA).zip","Dragon Ball Z - Budokai","https://myrient.erista.me/files/Redump/Sony%20-%20PlayStation%202/Dragon%20Ball%20Z%20-%20Budokai%20%28USA%29.zip","29-Mar-2022 08:10","770.1 MiB","Fighting",8.2
"Dragon Ball Z - Budokai 2 (USA).zip","Dragon Ball Z - Budokai 2","https://myrient.erista.me/files/Redump/Sony%20-%20PlayStation%202/Dragon%20Ball%20Z%20-%20Budokai%202%20%28USA%29.zip","30-Mar-2022 01:47","494.0 MiB","Fighting",7.9
"Dragon Ball Z - Budokai 3 (USA) (Greatest Hits).zip","Dragon Ball Z - Budokai 3","https://myrient.erista.me/files/Redump/Sony%20-%20PlayStation%202/Dragon%20Ball%20Z%20-%20Budokai%203%20%28USA%29%20%28Greatest%20Hits%29.zip","29-Mar-2022 21:27","1.6 GiB","Fighting",8.6
"Dragon Ball Z - Budokai Tenkaichi (USA).zip","Dragon Ball Z - Budokai Tenkaichi","https://myrient.erista.me/files/Redump/Sony%20-%20PlayStation%202/Dragon%20Ball%20Z%20-%20Budokai%20Tenkaichi%20%28USA%29.zip","29-Mar-2022 19:58","2.3 GiB","Fighting",8.3
"Dragon Ball Z - Budokai Tenkaichi 2 (USA) (En,Ja).zip","Dragon Ball Z - Budokai Tenkaichi 2","https://myrient.erista.me/files/Redump/Sony%20-%20PlayStation%202/Dragon%20Ball%20Z%20-%20Budokai%20Tenkaichi%202%20%28USA%29%20%28En%2CJa%29.zip","29-Mar-2022 04:50","1.6 GiB","Fighting",8.5
"Dragon Ball Z - Budokai Tenkaichi 3 (USA) (En,Ja).zip","Dragon Ball Z - Budokai Tenkaichi 3","https://myrient.erista.me/files/Redump/Sony%20-%20PlayStation%202/Dragon%20Ball%20Z%20-%20Budokai%20Tenkaichi%203%20%28USA%29%20%28En%2CJa%29.zip","29-Mar-2022 16:19","1.8 GiB","Fighting",8.7
"Dragon Ball Z - Infinite World (USA).zip","Dragon Ball Z - Infinite World","https://myrient.erista.me/files/Redump/Sony%20-%20PlayStation%202/Dragon%20Ball%20Z%20-%20Infinite%20World%20%28USA%29.zip","28-Mar-2022 14:09","1.8 GiB","Fighting",7.8
"Dragon Ball Z - Sagas (USA).zip","Dragon Ball Z - Sagas","https://myrient.erista.me/files/Redump/Sony%20-%20PlayStation%202/Dragon%20Ball%20Z%20-%20Sagas%20%28USA%29.zip","30-Mar-2022 04:15","1.1 GiB","Fighting",6.5
"Dragon Quest VIII - Journey of the Cursed King (USA).zip","Dragon Quest VIII - Journey of the Cursed King","https://myrient.erista.me/files/Redump/Sony%20-%20PlayStation%202/Dragon%20Quest%20VIII%20-%20Journey%20of%20the%20Cursed%20King%20%28USA%29.zip","29-Mar-2022 14:08","2.9 GiB","RPG",9.1
"Drakengard (USA).zip","Drakengard","https://myrient.erista.me/files/Redump/Sony%20-%20PlayStation%202/Drakengard%20%28USA%29.zip","30-Mar-2022 02:31","3.5 GiB","Action",7.7
"Drakengard 2 (USA).zip","Drakengard 2","https://myrient.erista.me/files/Redump/Sony%20-%20PlayStation%202/Drakengard%202%20%28USA%29.zip","29-Mar-2022 02:58","2.5 GiB","Action",7.5
"Dynasty Warriors 3 (USA).zip","Dynasty Warriors 3","https://myrient.erista.me/files/Redump/Sony%20-%20PlayStation%202/Dynasty%20Warriors%203%20%28USA%29.zip","25-Apr-2022 19:51","1.4 GiB","Action",8.3
"Dynasty Warriors 4 (USA).zip","Dynasty Warriors 4","https://myrient.erista.me/files/Redump/Sony%20-%20PlayStation%202/Dynasty%20Warriors%204%20%28USA%29.zip","29-Mar-2022 06:52","2.1 GiB","Action",8.5
"Dynasty Warriors 5 (USA).zip","Dynasty Warriors 5","https://myrient.erista.me/files/Redump/Sony%20-%20PlayStation%202/Dynasty%20Warriors%205%20%28USA%29.zip","28-Mar-2022 10:37","3.0 GiB","Action",8.4
"Enter the Matrix (USA) (v1.01).zip","Enter the Matrix","https://myrient.erista.me/files/Redump/Sony%20-%20PlayStation%202/Enter%20the%20Matrix%20%28USA%29%20%28v1.01%29.zip","29-Mar-2022 13:23","3.0 GiB","Action",6.8
"Eternal Poison (USA).zip","Eternal Poison","https://myrient.erista.me/files/Redump/Sony%20-%20PlayStation%202/Eternal%20Poison%20%28USA%29.zip","28-Mar-2022 14:46","1.8 GiB","Action",7.8
"Extermination (USA).zip","Extermination","https://myrient.erista.me/files/Redump/Sony%20-%20PlayStation%202/Extermination%20%28USA%29.zip","30-Mar-2022 02:39","669.0 MiB","Action",7.4
"Fahrenheit (Europe) (En,Fr,De,Es).zip","Fahrenheit","https://myrient.erista.me/files/Redump/Sony%20-%20PlayStation%202/Fahrenheit%20%28Europe%29%20%28En%2CFr%2CDe%2CEs%29.zip","28-Mar-2022 18:11","2.0 GiB","Adventure",8.5
"Fatal Frame (USA).zip","Fatal Frame","https://myrient.erista.me/files/Redump/Sony%20-%20PlayStation%202/Fatal%20Frame%20%28USA%29.zip","29-Mar-2022 03:51","1.8 GiB","Adventure",8.5
"Fatal Frame II - Crimson Butterfly (USA).zip","Fatal Frame II - Crimson Butterfly","https://myrient.erista.me/files/Redump/Sony%20-%20PlayStation%202/Fatal%20Frame%20II%20-%20Crimson%20Butterfly%20%28USA%29.zip","29-Mar-2022 00:02","2.0 GiB","Adventure",8.8
"Fatal Frame III - The Tormented (USA).zip","Fatal Frame III - The Tormented","https://myrient.erista.me/files/Redump/Sony%20-%20PlayStation%202/Fatal%20Frame%20III%20-%20The%20Tormented%20%28USA%29.zip","28-Mar-2022 14:16","2.1 GiB","Adventure",8.6
"Final Fantasy X (Europe, Australia).zip","Final Fantasy X","https://myrient.erista.me/files/Redump/Sony%20-%20PlayStation%202/Final%20Fantasy%20X%20%28Europe%2C%20Australia%29.zip","29-Mar-2022 03:30","3.9 GiB","RPG",9.0
"Final Fantasy X-2 (Europe, Australia).zip","Final Fantasy X-2","https://myrient.erista.me/files/Redump/Sony%20-%20PlayStation%202/Final%20Fantasy%20X-2%20%28Europe%2C%20Australia%29.zip","29-Mar-2022 02:36","3.3 GiB","RPG",8.0
"Final Fantasy XII (USA).zip","Final Fantasy XII","https://myrient.erista.me/files/Redump/Sony%20-%20PlayStation%202/Final%20Fantasy%20XII%20%28USA%29.zip","28-Mar-2022 15:44","3.4 GiB","RPG",9.0
"Forbidden Siren (Europe).zip","Forbidden Siren","https://myrient.erista.me/files/Redump/Sony%20-%20PlayStation%202/Forbidden%20Siren%20%28Europe%29.zip","28-Mar-2022 10:36","3.0 GiB","Adventure",7.8
"Freedom Fighters (USA).zip","Freedom Fighters","https://myrient.erista.me/files/Redump/Sony%20-%20PlayStation%202/Freedom%20Fighters%20%28USA%29.zip","29-Mar-2022 00:44","1.8 GiB","Action",8.5
"Frequency (USA).zip","Frequency","https://myrient.erista.me/files/Redump/Sony%20-%20PlayStation%202/Frequency%20%28USA%29.zip","28-Mar-2022 18:15","346.8 MiB","Music/Rhythm",8.4
"Front Mission 4 (USA).zip","Front Mission 4","https://myrient.erista.me/files/Redump/Sony%20-%20PlayStation%202/Front%20Mission%204%20%28USA%29.zip","28-Mar-2022 14:01","1.1 GiB","Strategy",8.4
"Front Mission 5 - Scars of the War (Japan) (Ultimate Hits).zip","Front Mission 5 - Scars of the War","https://myrient.erista.me/files/Redump/Sony%20-%20PlayStation%202/Front%20Mission%205%20-%20Scars%20of%20the%20War%20%28Japan%29%20%28Ultimate%20Hits%29.zip","29-Mar-2022 13:29","2.6 GiB","Racing",8.3
"Full Spectrum Warrior (USA).zip","Full Spectrum Warrior","https://myrient.erista.me/files/Redump/Sony%20-%20PlayStation%202/Full%20Spectrum%20Warrior%20%28USA%29.zip","30-Mar-2022 09:02","1.1 GiB","Shooter",8.2
"Full Spectrum Warrior - Ten Hammers (USA).zip","Full Spectrum Warrior - Ten Hammers","https://myrient.erista.me/files/Redump/Sony%20-%20PlayStation%202/Full%20Spectrum%20Warrior%20-%20Ten%20Hammers%20%28USA%29.zip","30-Mar-2022 09:18","1.9 GiB","Shooter",7.8
"Fullmetal Alchemist 2 - Curse of the Crimson Elixir (USA).zip","Fullmetal Alchemist 2 - Curse of the Crimson Elixir","https://myrient.erista.me/files/Redump/Sony%20-%20PlayStation%202/Fullmetal%20Alchemist%202%20-%20Curse%20of%20the%20Crimson%20Elixir%20%28USA%29.zip","29-Mar-2022 05:04","2.0 GiB","Action",7.6
"Fullmetal Alchemist and the Broken Angel (USA, Canada).zip","Fullmetal Alchemist and the Broken Angel","https://myrient.erista.me/files/Redump/Sony%20-%20PlayStation%202/Fullmetal%20Alchemist%20and%20the%20Broken%20Angel%20%28USA%2C%20Canada%29.zip","18-Feb-2025 03:52","1.7 GiB","Action",7.4
"G.I. Joe - The Rise of Cobra (USA).zip","G.I. Joe - The Rise of Cobra","https://myrient.erista.me/files/Redump/Sony%20-%20PlayStation%202/G.I.%20Joe%20-%20The%20Rise%20of%20Cobra%20%28USA%29.zip","28-Mar-2022 19:14","1.2 GiB","Action",6.9
"Gauntlet - Dark Legacy (USA).zip","Gauntlet - Dark Legacy","https://myrient.erista.me/files/Redump/Sony%20-%20PlayStation%202/Gauntlet%20-%20Dark%20Legacy%20%28USA%29.zip","29-Mar-2022 16:15","595.4 MiB","Action",8.2
"Genji - Dawn of the Samurai (USA).zip","Genji - Dawn of the Samurai","https://myrient.erista.me/files/Redump/Sony%20-%20PlayStation%202/Genji%20-%20Dawn%20of%20the%20Samurai%20%28USA%29.zip","28-Mar-2022 19:38","2.2 GiB","Action",7.8
"God Hand (USA).zip","God Hand","https://myrient.erista.me/files/Redump/Sony%20-%20PlayStation%202/God%20Hand%20%28USA%29.zip","28-Mar-2022 12:25","1.2 GiB","Action",8.4
"God of War (USA).zip","God of War","https://myrient.erista.me/files/Redump/Sony%20-%20PlayStation%202/God%20of%20War%20%28USA%29.zip","28-Mar-2022 12:08","7.0 GiB","Action",9.4
"God of War II (USA).zip","God of War II","https://myrient.erista.me/files/Redump/Sony%20-%20PlayStation%202/God%20of%20War%20II%20%28USA%29.zip","28-Mar-2022 11:07","6.7 GiB","Action",9.5
"Gradius V (USA).zip","Gradius V","https://myrient.erista.me/files/Redump/Sony%20-%20PlayStation%202/Gradius%20V%20%28USA%29.zip","29-Mar-2022 11:38","367.8 MiB","Action",8.7
"Gran Turismo 3 - A-Spec (USA) (v1.00).zip","Gran Turismo 3 - A-Spec","https://myrient.erista.me/files/Redump/Sony%20-%20PlayStation%202/Gran%20Turismo%203%20-%20A-Spec%20%28USA%29%20%28v1.00%29.zip","30-Mar-2022 08:58","3.3 GiB","Racing",9.5
"Gran Turismo 4 (USA) (v1.01).zip","Gran Turismo 4","https://myrient.erista.me/files/Redump/Sony%20-%20PlayStation%202/Gran%20Turismo%204%20%28USA%29%20%28v1.01%29.zip","25-Apr-2022 19:53","4.4 GiB","Racing",9.3
"Grand Theft Auto - San Andreas (USA) (v1.03).zip","Grand Theft Auto - San Andreas","https://myrient.erista.me/files/Redump/Sony%20-%20PlayStation%202/Grand%20Theft%20Auto%20-%20San%20Andreas%20%28USA%29%20%28v1.03%29.zip","29-Mar-2022 09:51","2.9 GiB","Racing",9.5
"Grand Theft Auto - Vice City (USA) (v1.40).zip","Grand Theft Auto - Vice City","https://myrient.erista.me/files/Redump/Sony%20-%20PlayStation%202/Grand%20Theft%20Auto%20-%20Vice%20City%20%28USA%29%20%28v1.40%29.zip","28-Mar-2022 20:25","2.6 GiB","Racing",9.3
"Grand Theft Auto III (USA).zip","Grand Theft Auto III","https://myrient.erista.me/files/Redump/Sony%20-%20PlayStation%202/Grand%20Theft%20Auto%20III%20%28USA%29.zip","29-Mar-2022 09:38","1.3 GiB","Racing",9.0
"Grandia II (USA).zip","Grandia II","https://myrient.erista.me/files/Redump/Sony%20-%20PlayStation%202/Grandia%20II%20%28USA%29.zip","28-Mar-2022 17:37","993.9 MiB","RPG",8.6
"Grandia III (USA) (Disc 1).zip","Grandia III","https://myrient.erista.me/files/Redump/Sony%20-%20PlayStation%202/Grandia%20III%20%28USA%29%20%28Disc%201%29.zip","29-Mar-2022 04:59","3.8 GiB","RPG",8.2
"GrimGrimoire (USA) (En,Ja).zip","GrimGrimoire","https://myrient.erista.me/files/Redump/Sony%20-%20PlayStation%202/GrimGrimoire%20%28USA%29%20%28En%2CJa%29.zip","29-Mar-2022 10:57","448.6 MiB","Action",8.1
"Growlanser - Heritage of War (USA).zip","Growlanser - Heritage of War","https://myrient.erista.me/files/Redump/Sony%20-%20PlayStation%202/Growlanser%20-%20Heritage%20of%20War%20%28USA%29.zip","28-Mar-2022 11:26","3.3 GiB","Shooter",7.6
"Growlanser Generations (USA) (Disc 1) (Growlanser II - The Sense of Justice).zip","Growlanser Generations","https://myrient.erista.me/files/Redump/Sony%20-%20PlayStation%202/Growlanser%20Generations%20%28USA%29%20%28Disc%201%29%20%28Growlanser%20II%20-%20The%20Sense%20of%20Justice%29.zip","29-Mar-2022 01:51","461.6 MiB","RPG",7.8
"Guitar Hero (USA).zip","Guitar Hero","https://myrient.erista.me/files/Redump/Sony%20-%20PlayStation%202/Guitar%20Hero%20%28USA%29.zip","28-Mar-2022 21:14","1.8 GiB","Music/Rhythm",8.7
"Guitar Hero II (USA).zip","Guitar Hero II","https://myrient.erista.me/files/Redump/Sony%20-%20PlayStation%202/Guitar%20Hero%20II%20%28USA%29.zip","28-Mar-2022 09:04","3.1 GiB","Music/Rhythm",8.8
"Guitar Hero III - Legends of Rock (USA).zip","Guitar Hero III - Legends of Rock","https://myrient.erista.me/files/Redump/Sony%20-%20PlayStation%202/Guitar%20Hero%20III%20-%20Legends%20of%20Rock%20%28USA%29.zip","30-Mar-2022 08:08","2.9 GiB","RPG",8.6
"Gungrave (USA) (Trade Demo).zip","Gungrave","https://myrient.erista.me/files/Redump/Sony%20-%20PlayStation%202/Gungrave%20%28USA%29%20%28Trade%20Demo%29.zip","21-Jul-2025 19:40","464.8 MiB","Shooter",8.0
"Gungrave - Overdose (USA).zip","Gungrave - Overdose","https://myrient.erista.me/files/Redump/Sony%20-%20PlayStation%202/Gungrave%20-%20Overdose%20%28USA%29.zip","28-Mar-2022 14:36","2.3 GiB","Shooter",8.1
"Haunting Ground (USA).zip","Haunting Ground","https://myrient.erista.me/files/Redump/Sony%20-%20PlayStation%202/Haunting%20Ground%20%28USA%29.zip","30-Mar-2022 06:53","3.9 GiB","Adventure",8.2
"Hitman - Blood Money (USA).zip","Hitman - Blood Money","https://myrient.erista.me/files/Redump/Sony%20-%20PlayStation%202/Hitman%20-%20Blood%20Money%20%28USA%29.zip","29-Mar-2022 18:39","2.6 GiB","Action",8.8
"Hitman - Contracts (USA).zip","Hitman - Contracts","https://myrient.erista.me/files/Redump/Sony%20-%20PlayStation%202/Hitman%20-%20Contracts%20%28USA%29.zip","28-Mar-2022 20:13","2.4 GiB","Action",8.4
"Hitman 2 - Silent Assassin (USA) (v1.01).zip","Hitman 2 - Silent Assassin","https://myrient.erista.me/files/Redump/Sony%20-%20PlayStation%202/Hitman%202%20-%20Silent%20Assassin%20%28USA%29%20%28v1.01%29.zip","29-Mar-2022 22:04","1.5 GiB","Action",8.7
"Hulk (USA).zip","Hulk","https://myrient.erista.me/files/Redump/Sony%20-%20PlayStation%202/Hulk%20%28USA%29.zip","28-Mar-2022 14:32","1.3 GiB","Action",7.5
"I-Ninja (USA).zip","I-Ninja","https://myrient.erista.me/files/Redump/Sony%20-%20PlayStation%202/I-Ninja%20%28USA%29.zip","29-Mar-2022 06:27","1.1 GiB","Action",7.8
"Ico (USA).zip","Ico","https://myrient.erista.me/files/Redump/Sony%20-%20PlayStation%202/Ico%20%28USA%29.zip","28-Mar-2022 08:10","509.4 MiB","Adventure",8.9
"Inuyasha - The Secret of the Cursed Mask (USA).zip","Inuyasha - The Secret of the Cursed Mask","https://myrient.erista.me/files/Redump/Sony%20-%20PlayStation%202/Inuyasha%20-%20The%20Secret%20of%20the%20Cursed%20Mask%20%28USA%29.zip","30-Mar-2022 06:05","2.1 GiB","Action",7.2
"Jak 3 (USA) (En,Fr,De,Es,It,Pt,Ru).zip","Jak 3","https://myrient.erista.me/files/Redump/Sony%20-%20PlayStation%202/Jak%203%20%28USA%29%20%28En%2CFr%2CDe%2CEs%2CIt%2CPt%2CRu%29.zip","29-Mar-2022 07:13","2.8 GiB","Adventure",8.8
"Jak II - Renegade (Europe, Australia) (En,Ja,Fr,De,Es,It,Ko).zip","Jak II - Renegade","https://myrient.erista.me/files/Redump/Sony%20-%20PlayStation%202/Jak%20II%20-%20Renegade%20%28Europe%2C%20Australia%29%20%28En%2CJa%2CFr%2CDe%2CEs%2CIt%2CKo%29.zip","29-Mar-2022 18:17","3.0 GiB","Adventure",8.9
"Jak and Daxter - The Precursor Legacy (USA) (Cingular Wireless Demo).zip","Jak and Daxter - The Precursor Legacy","https://myrient.erista.me/files/Redump/Sony%20-%20PlayStation%202/Jak%20and%20Daxter%20-%20The%20Precursor%20Legacy%20%28USA%29%20%28Cingular%20Wireless%20Demo%29.zip","26-Jul-2025 17:59","473.0 MiB","Adventure",8.8
"Justice League Heroes (USA).zip","Justice League Heroes","https://myrient.erista.me/files/Redump/Sony%20-%20PlayStation%202/Justice%20League%20Heroes%20%28USA%29.zip","29-Mar-2022 16:42","2.1 GiB","Action",7.8
"Katamari Damacy (USA).zip","Katamari Damacy","https://myrient.erista.me/files/Redump/Sony%20-%20PlayStation%202/Katamari%20Damacy%20%28USA%29.zip","29-Mar-2022 20:52","1.2 GiB","Puzzle",8.8
"Kessen (USA).zip","Kessen","https://myrient.erista.me/files/Redump/Sony%20-%20PlayStation%202/Kessen%20%28USA%29.zip","28-Mar-2022 20:24","3.8 GiB","Strategy",7.8
"Kessen II (USA).zip","Kessen II","https://myrient.erista.me/files/Redump/Sony%20-%20PlayStation%202/Kessen%20II%20%28USA%29.zip","28-Mar-2022 05:49","3.6 GiB","Strategy",7.7
"Kessen III (USA).zip","Kessen III","https://myrient.erista.me/files/Redump/Sony%20-%20PlayStation%202/Kessen%20III%20%28USA%29.zip","30-Mar-2022 00:58","4.3 GiB","Strategy",8.0
"Killzone (USA).zip","Killzone","https://myrient.erista.me/files/Redump/Sony%20-%20PlayStation%202/Killzone%20%28USA%29.zip","30-Mar-2022 08:53","3.5 GiB","Shooter",7.8
"Kingdom Hearts (USA).zip","Kingdom Hearts","https://myrient.erista.me/files/Redump/Sony%20-%20PlayStation%202/Kingdom%20Hearts%20%28USA%29.zip","28-Mar-2022 15:02","2.3 GiB","RPG",8.9
"Kingdom Hearts II (USA).zip","Kingdom Hearts II","https://myrient.erista.me/files/Redump/Sony%20-%20PlayStation%202/Kingdom%20Hearts%20II%20%28USA%29.zip","29-Mar-2022 00:29","3.0 GiB","RPG",9.0
"Klonoa 2 - Lunatea's Veil (USA) (Trade Demo).zip","Klonoa 2 - Lunatea's Veil","https://myrient.erista.me/files/Redump/Sony%20-%20PlayStation%202/Klonoa%202%20-%20Lunatea%27s%20Veil%20%28USA%29%20%28Trade%20Demo%29.zip","29-Mar-2022 15:41","122.4 MiB","Platformer",8.5
"Kuon (USA).zip","Kuon","https://myrient.erista.me/files/Redump/Sony%20-%20PlayStation%202/Kuon%20%28USA%29.zip","28-Mar-2022 15:06","1023.7 MiB","Adventure",7.6
"Legacy of Kain - Defiance (USA).zip","Legacy of Kain - Defiance","https://myrient.erista.me/files/Redump/Sony%20-%20PlayStation%202/Legacy%20of%20Kain%20-%20Defiance%20%28USA%29.zip","29-Mar-2022 20:47","3.1 GiB","Action",8.2
"MVP Baseball 2005 (USA).zip","MVP Baseball 2005","https://myrient.erista.me/files/Redump/Sony%20-%20PlayStation%202/MVP%20Baseball%202005%20%28USA%29.zip","28-Mar-2022 20:16","1.9 GiB","Sports",8.9
"Madden NFL 2005 (USA) (Collector's Edition).zip","Madden NFL 2005","https://myrient.erista.me/files/Redump/Sony%20-%20PlayStation%202/Madden%20NFL%202005%20%28USA%29%20%28Collector%27s%20Edition%29.zip","29-Mar-2022 16:34","5.9 GiB","Sports",8.9
"Mafia (USA).zip","Mafia","https://myrient.erista.me/files/Redump/Sony%20-%20PlayStation%202/Mafia%20%28USA%29.zip","30-Mar-2022 06:35","3.5 GiB","Action",8.6
"Magna Carta - Tears of Blood (USA) (Trade Demo).zip","Magna Carta - Tears of Blood","https://myrient.erista.me/files/Redump/Sony%20-%20PlayStation%202/Magna%20Carta%20-%20Tears%20of%20Blood%20%28USA%29%20%28Trade%20Demo%29.zip","20-Jul-2025 07:55","2.9 GiB","Action",7.7
"Makai Kingdom - Chronicles of the Sacred Tome (USA).zip","Makai Kingdom - Chronicles of the Sacred Tome","https://myrient.erista.me/files/Redump/Sony%20-%20PlayStation%202/Makai%20Kingdom%20-%20Chronicles%20of%20the%20Sacred%20Tome%20%28USA%29.zip","30-Mar-2022 02:27","441.4 MiB","Action",8.1
"Manhunt (USA).zip","Manhunt","https://myrient.erista.me/files/Redump/Sony%20-%20PlayStation%202/Manhunt%20%28USA%29.zip","28-Mar-2022 20:47","2.0 GiB","Action",8.0
"Max Payne (USA).zip","Max Payne","https://myrient.erista.me/files/Redump/Sony%20-%20PlayStation%202/Max%20Payne%20%28USA%29.zip","29-Mar-2022 00:35","1.0 GiB","Action",8.8
"Max Payne 2 - The Fall of Max Payne (USA).zip","Max Payne 2 - The Fall of Max Payne","https://myrient.erista.me/files/Redump/Sony%20-%20PlayStation%202/Max%20Payne%202%20-%20The%20Fall%20of%20Max%20Payne%20%28USA%29.zip","29-Mar-2022 22:55","1.2 GiB","Action",8.9
"Maximo - Ghosts to Glory (USA).zip","Maximo - Ghosts to Glory","https://myrient.erista.me/files/Redump/Sony%20-%20PlayStation%202/Maximo%20-%20Ghosts%20to%20Glory%20%28USA%29.zip","29-Mar-2022 14:56","542.4 MiB","Platformer",8.1
"Maximo vs Army of Zin (USA).zip","Maximo vs Army of Zin","https://myrient.erista.me/files/Redump/Sony%20-%20PlayStation%202/Maximo%20vs%20Army%20of%20Zin%20%28USA%29.zip","28-Mar-2022 11:36","668.5 MiB","Platformer",7.8
"Medal of Honor - Frontline (USA).zip","Medal of Honor - Frontline","https://myrient.erista.me/files/Redump/Sony%20-%20PlayStation%202/Medal%20of%20Honor%20-%20Frontline%20%28USA%29.zip","29-Mar-2022 12:37","2.6 GiB","Shooter",8.8
"Medal of Honor - Rising Sun (USA).zip","Medal of Honor - Rising Sun","https://myrient.erista.me/files/Redump/Sony%20-%20PlayStation%202/Medal%20of%20Honor%20-%20Rising%20Sun%20%28USA%29.zip","30-Mar-2022 07:38","3.4 GiB","Shooter",8.2
"Mega Man Anniversary Collection (USA).zip","Mega Man Anniversary Collection","https://myrient.erista.me/files/Redump/Sony%20-%20PlayStation%202/Mega%20Man%20Anniversary%20Collection%20%28USA%29.zip","30-Mar-2022 05:08","2.9 GiB","Arcade",8.3
"Mega Man X - Command Mission (USA).zip","Mega Man X - Command Mission","https://myrient.erista.me/files/Redump/Sony%20-%20PlayStation%202/Mega%20Man%20X%20-%20Command%20Mission%20%28USA%29.zip","28-Mar-2022 10:47","1002.2 MiB","Strategy",7.7
"Mega Man X Collection (USA).zip","Mega Man X Collection","https://myrient.erista.me/files/Redump/Sony%20-%20PlayStation%202/Mega%20Man%20X%20Collection%20%28USA%29.zip","29-Mar-2022 09:51","2.3 GiB","Arcade",8.5
"Mega Man X7 (USA).zip","Mega Man X7","https://myrient.erista.me/files/Redump/Sony%20-%20PlayStation%202/Mega%20Man%20X7%20%28USA%29.zip","28-Mar-2022 17:49","805.1 MiB","Action",6.8
"Mega Man X8 (USA).zip","Mega Man X8","https://myrient.erista.me/files/Redump/Sony%20-%20PlayStation%202/Mega%20Man%20X8%20%28USA%29.zip","29-Mar-2022 08:33","866.6 MiB","Action",7.9
"Metal Gear Solid 2 - Sons of Liberty (USA).zip","Metal Gear Solid 2 - Sons of Liberty","https://myrient.erista.me/files/Redump/Sony%20-%20PlayStation%202/Metal%20Gear%20Solid%202%20-%20Sons%20of%20Liberty%20%28USA%29.zip","29-Mar-2022 22:16","3.2 GiB","Stealth",9.4
"Metal Gear Solid 3 - Snake Eater (USA).zip","Metal Gear Solid 3 - Snake Eater","https://myrient.erista.me/files/Redump/Sony%20-%20PlayStation%202/Metal%20Gear%20Solid%203%20-%20Snake%20Eater%20%28USA%29.zip","29-Mar-2022 21:26","3.4 GiB","Stealth",9.6
"Metal Slug 3 (Europe) (En,Fr,De,Es,It).zip","Metal Slug 3","https://myrient.erista.me/files/Redump/Sony%20-%20PlayStation%202/Metal%20Slug%203%20%28Europe%29%20%28En%2CFr%2CDe%2CEs%2CIt%29.zip","28-Mar-2022 22:46","1.4 GiB","Action",8.7
"Metal Slug Anthology (USA).zip","Metal Slug Anthology","https://myrient.erista.me/files/Redump/Sony%20-%20PlayStation%202/Metal%20Slug%20Anthology%20%28USA%29.zip","28-Mar-2022 15:22","758.4 MiB","Action",8.4
"Midnight Club 3 - DUB Edition (USA) (v1.04).zip","Midnight Club 3 - DUB Edition","https://myrient.erista.me/files/Redump/Sony%20-%20PlayStation%202/Midnight%20Club%203%20-%20DUB%20Edition%20%28USA%29%20%28v1.04%29.zip","30-Mar-2022 10:57","3.3 GiB","Racing",8.5
"Midnight Club II (USA).zip","Midnight Club II","https://myrient.erista.me/files/Redump/Sony%20-%20PlayStation%202/Midnight%20Club%20II%20%28USA%29.zip","29-Mar-2022 19:51","2.4 GiB","Racing",8.3
"Mobile Suit Gundam - Encounters in Space (USA).zip","Mobile Suit Gundam - Encounters in Space","https://myrient.erista.me/files/Redump/Sony%20-%20PlayStation%202/Mobile%20Suit%20Gundam%20-%20Encounters%20in%20Space%20%28USA%29.zip","30-Mar-2022 08:19","3.3 GiB","Shooter",7.8
"Mobile Suit Gundam - Journey to Jaburo (USA).zip","Mobile Suit Gundam - Journey to Jaburo","https://myrient.erista.me/files/Redump/Sony%20-%20PlayStation%202/Mobile%20Suit%20Gundam%20-%20Journey%20to%20Jaburo%20%28USA%29.zip","29-Mar-2022 20:50","3.1 GiB","Shooter",7.6
"Mobile Suit Gundam Seed (Korea).zip","Mobile Suit Gundam Seed","https://myrient.erista.me/files/Redump/Sony%20-%20PlayStation%202/Mobile%20Suit%20Gundam%20Seed%20%28Korea%29.zip","30-Mar-2022 10:27","446.4 MiB","Shooter",7.5
"Mortal Kombat - Armageddon (USA) (Premium Edition).zip","Mortal Kombat - Armageddon","https://myrient.erista.me/files/Redump/Sony%20-%20PlayStation%202/Mortal%20Kombat%20-%20Armageddon%20%28USA%29%20%28Premium%20Edition%29.zip","29-Mar-2022 17:25","2.6 GiB","Fighting",7.8
"Mortal Kombat - Deadly Alliance (USA).zip","Mortal Kombat - Deadly Alliance","https://myrient.erista.me/files/Redump/Sony%20-%20PlayStation%202/Mortal%20Kombat%20-%20Deadly%20Alliance%20%28USA%29.zip","29-Mar-2022 11:23","2.5 GiB","Fighting",8.3
"Mortal Kombat - Deception (USA) (Premium Pack Bonus Disc).zip","Mortal Kombat - Deception","https://myrient.erista.me/files/Redump/Sony%20-%20PlayStation%202/Mortal%20Kombat%20-%20Deception%20%28USA%29%20%28Premium%20Pack%20Bonus%20Disc%29.zip","28-Mar-2022 09:04","1.7 GiB","Fighting",8.4
"Mortal Kombat - Shaolin Monks (USA).zip","Mortal Kombat - Shaolin Monks","https://myrient.erista.me/files/Redump/Sony%20-%20PlayStation%202/Mortal%20Kombat%20-%20Shaolin%20Monks%20%28USA%29.zip","28-Mar-2022 05:35","2.6 GiB","Fighting",8.5
"Musashi - Samurai Legend (USA).zip","Musashi - Samurai Legend","https://myrient.erista.me/files/Redump/Sony%20-%20PlayStation%202/Musashi%20-%20Samurai%20Legend%20%28USA%29.zip","30-Mar-2022 08:53","1.4 GiB","Action",7.5
"NBA Street V3 (USA).zip","NBA Street V3","https://myrient.erista.me/files/Redump/Sony%20-%20PlayStation%202/NBA%20Street%20V3%20%28USA%29.zip","29-Mar-2022 05:41","2.0 GiB","Sports",8.5
"NBA Street Vol. 2 (USA).zip","NBA Street Vol. 2","https://myrient.erista.me/files/Redump/Sony%20-%20PlayStation%202/NBA%20Street%20Vol.%202%20%28USA%29.zip","30-Mar-2022 08:04","1.5 GiB","Sports",8.8
"NFL Street (USA).zip","NFL Street","https://myrient.erista.me/files/Redump/Sony%20-%20PlayStation%202/NFL%20Street%20%28USA%29.zip","27-Mar-2022 16:52","1.6 GiB","Sports",8.4
"NFL Street 2 (USA).zip","NFL Street 2","https://myrient.erista.me/files/Redump/Sony%20-%20PlayStation%202/NFL%20Street%202%20%28USA%29.zip","30-Mar-2022 08:26","1.3 GiB","Sports",8.6
"Naruto - Ultimate Ninja (USA).zip","Naruto - Ultimate Ninja","https://myrient.erista.me/files/Redump/Sony%20-%20PlayStation%202/Naruto%20-%20Ultimate%20Ninja%20%28USA%29.zip","28-Mar-2022 17:05","1.3 GiB","Fighting",7.8
"Naruto - Ultimate Ninja 2 (USA).zip","Naruto - Ultimate Ninja 2","https://myrient.erista.me/files/Redump/Sony%20-%20PlayStation%202/Naruto%20-%20Ultimate%20Ninja%202%20%28USA%29.zip","29-Mar-2022 16:10","1.1 GiB","Fighting",8.0
"Naruto - Ultimate Ninja 3 (USA).zip","Naruto - Ultimate Ninja 3","https://myrient.erista.me/files/Redump/Sony%20-%20PlayStation%202/Naruto%20-%20Ultimate%20Ninja%203%20%28USA%29.zip","29-Mar-2022 08:37","2.0 GiB","Fighting",8.2
"Naruto - Uzumaki Chronicles (USA).zip","Naruto - Uzumaki Chronicles","https://myrient.erista.me/files/Redump/Sony%20-%20PlayStation%202/Naruto%20-%20Uzumaki%20Chronicles%20%28USA%29.zip","29-Mar-2022 02:46","1.1 GiB","Fighting",7.5
"Naruto - Uzumaki Chronicles 2 (USA).zip","Naruto - Uzumaki Chronicles 2","https://myrient.erista.me/files/Redump/Sony%20-%20PlayStation%202/Naruto%20-%20Uzumaki%20Chronicles%202%20%28USA%29.zip","28-Mar-2022 18:27","1.0 GiB","Fighting",7.6
"Need for Speed - Carbon (USA).zip","Need for Speed - Carbon","https://myrient.erista.me/files/Redump/Sony%20-%20PlayStation%202/Need%20for%20Speed%20-%20Carbon%20%28USA%29.zip","30-Mar-2022 01:04","3.0 GiB","Racing",8.2
"Need for Speed - Hot Pursuit 2 (USA).zip","Need for Speed - Hot Pursuit 2","https://myrient.erista.me/files/Redump/Sony%20-%20PlayStation%202/Need%20for%20Speed%20-%20Hot%20Pursuit%202%20%28USA%29.zip","29-Mar-2022 08:54","2.3 GiB","Racing",8.4
"Need for Speed - Most Wanted (USA) (v1.01).zip","Need for Speed - Most Wanted","https://myrient.erista.me/files/Redump/Sony%20-%20PlayStation%202/Need%20for%20Speed%20-%20Most%20Wanted%20%28USA%29%20%28v1.01%29.zip","30-Mar-2022 10:24","3.0 GiB","Racing",8.5
"Need for Speed - Underground (USA).zip","Need for Speed - Underground","https://myrient.erista.me/files/Redump/Sony%20-%20PlayStation%202/Need%20for%20Speed%20-%20Underground%20%28USA%29.zip","29-Mar-2022 01:07","2.1 GiB","Racing",8.6
"Need for Speed - Underground 2 (USA).zip","Need for Speed - Underground 2","https://myrient.erista.me/files/Redump/Sony%20-%20PlayStation%202/Need%20for%20Speed%20-%20Underground%202%20%28USA%29.zip","29-Mar-2022 06:43","1.5 GiB","Racing",8.7
"Neo Contra (USA).zip","Neo Contra","https://myrient.erista.me/files/Redump/Sony%20-%20PlayStation%202/Neo%20Contra%20%28USA%29.zip","30-Mar-2022 07:47","1.1 GiB","Action",7.3
"Nightshade (USA).zip","Nightshade","https://myrient.erista.me/files/Redump/Sony%20-%20PlayStation%202/Nightshade%20%28USA%29.zip","29-Mar-2022 01:48","3.4 GiB","Action",7.9
"Obscure (USA) (En,Fr,Es).zip","Obscure","https://myrient.erista.me/files/Redump/Sony%20-%20PlayStation%202/Obscure%20%28USA%29%20%28En%2CFr%2CEs%29.zip","18-Feb-2025 03:57","2.3 GiB","Horror",7.5
"Obscure II (Europe) (En,Fr,De,Es,It).zip","Obscure II","https://myrient.erista.me/files/Redump/Sony%20-%20PlayStation%202/Obscure%20II%20%28Europe%29%20%28En%2CFr%2CDe%2CEs%2CIt%29.zip","18-Feb-2025 03:57","1.5 GiB","Horror",7.3
"Odin Sphere (USA) (Trade Demo).zip","Odin Sphere","https://myrient.erista.me/files/Redump/Sony%20-%20PlayStation%202/Odin%20Sphere%20%28USA%29%20%28Trade%20Demo%29.zip","20-Jul-2025 07:55","2.7 GiB","Action",8.6
"One Piece - Grand Adventure (Korea).zip","One Piece - Grand Adventure","https://myrient.erista.me/files/Redump/Sony%20-%20PlayStation%202/One%20Piece%20-%20Grand%20Adventure%20%28Korea%29.zip","10-May-2025 18:57","828.0 MiB","Fighting",7.8
"Onimusha - Warlords (USA).zip","Onimusha - Warlords","https://myrient.erista.me/files/Redump/Sony%20-%20PlayStation%202/Onimusha%20-%20Warlords%20%28USA%29.zip","25-Apr-2022 19:58","2.9 GiB","Action",8.6
"Onimusha 2 - Samurai's Destiny (USA).zip","Onimusha 2 - Samurai's Destiny","https://myrient.erista.me/files/Redump/Sony%20-%20PlayStation%202/Onimusha%202%20-%20Samurai%27s%20Destiny%20%28USA%29.zip","28-Mar-2022 14:41","2.9 GiB","Action",8.5
"Onimusha 3 - Demon Siege (USA).zip","Onimusha 3 - Demon Siege","https://myrient.erista.me/files/Redump/Sony%20-%20PlayStation%202/Onimusha%203%20-%20Demon%20Siege%20%28USA%29.zip","29-Mar-2022 16:04","1.9 GiB","Action",8.4
"Pac-Man World 2 (USA) (v1.00).zip","Pac-Man World 2","https://myrient.erista.me/files/Redump/Sony%20-%20PlayStation%202/Pac-Man%20World%202%20%28USA%29%20%28v1.00%29.zip","29-Mar-2022 01:40","862.8 MiB","Action",7.7
"Pac-Man World 3 (USA).zip","Pac-Man World 3","https://myrient.erista.me/files/Redump/Sony%20-%20PlayStation%202/Pac-Man%20World%203%20%28USA%29.zip","28-Mar-2022 16:38","1.3 GiB","Action",7.2
"Persona 3 FES (Europe).zip","Persona 3 FES","https://myrient.erista.me/files/Redump/Sony%20-%20PlayStation%202/Persona%203%20FES%20%28Europe%29.zip","29-Mar-2022 06:49","3.1 GiB","RPG",9.0
"Persona 4 (Europe).zip","Persona 4","https://myrient.erista.me/files/Redump/Sony%20-%20PlayStation%202/Persona%204%20%28Europe%29.zip","28-Mar-2022 18:09","2.7 GiB","RPG",9.3
"Phantom Brave (USA).zip","Phantom Brave","https://myrient.erista.me/files/Redump/Sony%20-%20PlayStation%202/Phantom%20Brave%20%28USA%29.zip","29-Mar-2022 11:57","461.4 MiB","RPG",8.3
"Power Rangers - Dino Thunder (USA).zip","Power Rangers - Dino Thunder","https://myrient.erista.me/files/Redump/Sony%20-%20PlayStation%202/Power%20Rangers%20-%20Dino%20Thunder%20%28USA%29.zip","30-Mar-2022 02:27","506.8 MiB","Action",6.8
"Primal (USA) (En,Fr,Es).zip","Primal","https://myrient.erista.me/files/Redump/Sony%20-%20PlayStation%202/Primal%20%28USA%29%20%28En%2CFr%2CEs%29.zip","28-Mar-2022 08:53","2.8 GiB","Action",8.1
"Prince of Persia - The Sands of Time (USA) (En,Fr,Es).zip","Prince of Persia - The Sands of Time","https://myrient.erista.me/files/Redump/Sony%20-%20PlayStation%202/Prince%20of%20Persia%20-%20The%20Sands%20of%20Time%20%28USA%29%20%28En%2CFr%2CEs%29.zip","28-Mar-2022 22:50","1.9 GiB","Action",9.2
"Prince of Persia - The Two Thrones (USA) (En,Fr,Es).zip","Prince of Persia - The Two Thrones","https://myrient.erista.me/files/Redump/Sony%20-%20PlayStation%202/Prince%20of%20Persia%20-%20The%20Two%20Thrones%20%28USA%29%20%28En%2CFr%2CEs%29.zip","29-Mar-2022 10:15","1.5 GiB","Action",8.6
"Prince of Persia - Warrior Within (USA) (En,Fr,Es).zip","Prince of Persia - Warrior Within","https://myrient.erista.me/files/Redump/Sony%20-%20PlayStation%202/Prince%20of%20Persia%20-%20Warrior%20Within%20%28USA%29%20%28En%2CFr%2CEs%29.zip","28-Mar-2022 16:00","3.0 GiB","Action",8.5
"Pro Evolution Soccer 5 (Europe) (En,Fr,De,Es).zip","Pro Evolution Soccer 5","https://myrient.erista.me/files/Redump/Sony%20-%20PlayStation%202/Pro%20Evolution%20Soccer%205%20%28Europe%29%20%28En%2CFr%2CDe%2CEs%29.zip","28-Mar-2022 05:35","1.9 GiB","Racing",9.0
"Psychonauts (USA).zip","Psychonauts","https://myrient.erista.me/files/Redump/Sony%20-%20PlayStation%202/Psychonauts%20%28USA%29.zip","30-Mar-2022 04:59","2.2 GiB","Adventure",8.9
"R-Type Final (USA).zip","R-Type Final","https://myrient.erista.me/files/Redump/Sony%20-%20PlayStation%202/R-Type%20Final%20%28USA%29.zip","28-Mar-2022 07:25","2.6 GiB","Action",8.3
"Radiata Stories (USA).zip","Radiata Stories","https://myrient.erista.me/files/Redump/Sony%20-%20PlayStation%202/Radiata%20Stories%20%28USA%29.zip","29-Mar-2022 15:10","2.4 GiB","RPG",8.2
"Ratchet & Clank (USA) (Demo 1).zip","Ratchet & Clank","https://myrient.erista.me/files/Redump/Sony%20-%20PlayStation%202/Ratchet%20%26%20Clank%20%28USA%29%20%28Demo%201%29.zip","29-Mar-2022 10:37","275.3 MiB","Adventure",8.9
"Ratchet & Clank - Going Commando (USA) (Demo 1).zip","Ratchet & Clank - Going Commando","https://myrient.erista.me/files/Redump/Sony%20-%20PlayStation%202/Ratchet%20%26%20Clank%20-%20Going%20Commando%20%28USA%29%20%28Demo%201%29.zip","28-Mar-2022 18:57","175.0 MiB","Adventure",9.0
"Ratchet & Clank - Up Your Arsenal (USA) (En,Fr,Es).zip","Ratchet & Clank - Up Your Arsenal","https://myrient.erista.me/files/Redump/Sony%20-%20PlayStation%202/Ratchet%20%26%20Clank%20-%20Up%20Your%20Arsenal%20%28USA%29%20%28En%2CFr%2CEs%29.zip","29-Mar-2022 00:42","3.3 GiB","Adventure",9.0
"Rayman - Raving Rabbids (USA) (En,Fr,Es).zip","Rayman - Raving Rabbids","https://myrient.erista.me/files/Redump/Sony%20-%20PlayStation%202/Rayman%20-%20Raving%20Rabbids%20%28USA%29%20%28En%2CFr%2CEs%29.zip","25-Apr-2022 19:58","1.2 GiB","Platformer",7.8
"Rayman 2 - Revolution (USA) (En,Fr,De,Es,It).zip","Rayman 2 - Revolution","https://myrient.erista.me/files/Redump/Sony%20-%20PlayStation%202/Rayman%202%20-%20Revolution%20%28USA%29%20%28En%2CFr%2CDe%2CEs%2CIt%29.zip","28-Mar-2022 14:58","2.7 GiB","Racing",8.3
"Rayman 3 - Hoodlum Havoc (USA) (En,Fr,De,Es,It).zip","Rayman 3 - Hoodlum Havoc","https://myrient.erista.me/files/Redump/Sony%20-%20PlayStation%202/Rayman%203%20-%20Hoodlum%20Havoc%20%28USA%29%20%28En%2CFr%2CDe%2CEs%2CIt%29.zip","29-Mar-2022 02:17","2.4 GiB","Platformer",8.1
"Rayman Arena (USA).zip","Rayman Arena","https://myrient.erista.me/files/Redump/Sony%20-%20PlayStation%202/Rayman%20Arena%20%28USA%29.zip","29-Mar-2022 22:32","544.2 MiB","Platformer",7.5
"Resident Evil - Code - Veronica X (USA).zip","Resident Evil - Code - Veronica X","https://myrient.erista.me/files/Redump/Sony%20-%20PlayStation%202/Resident%20Evil%20-%20Code%20-%20Veronica%20X%20%28USA%29.zip","29-Mar-2022 18:57","1.5 GiB","Shooter",8.5
"Resident Evil 4 (USA).zip","Resident Evil 4","https://myrient.erista.me/files/Redump/Sony%20-%20PlayStation%202/Resident%20Evil%204%20%28USA%29.zip","29-Mar-2022 06:42","3.4 GiB","Shooter",9.6
"Ring of Red (USA).zip","Ring of Red","https://myrient.erista.me/files/Redump/Sony%20-%20PlayStation%202/Ring%20of%20Red%20%28USA%29.zip","30-Mar-2022 05:46","407.0 MiB","Action",7.9
"Rise of the Kasai (USA).zip","Rise of the Kasai","https://myrient.erista.me/files/Redump/Sony%20-%20PlayStation%202/Rise%20of%20the%20Kasai%20%28USA%29.zip","29-Mar-2022 22:54","2.4 GiB","Action",7.5
"Rock Band (USA).zip","Rock Band","https://myrient.erista.me/files/Redump/Sony%20-%20PlayStation%202/Rock%20Band%20%28USA%29.zip","29-Mar-2022 05:17","7.4 GiB","Action",8.8
"Rock Band 2 (USA).zip","Rock Band 2","https://myrient.erista.me/files/Redump/Sony%20-%20PlayStation%202/Rock%20Band%202%20%28USA%29.zip","30-Mar-2022 06:24","7.5 GiB","Action",8.9
"Rogue Galaxy (USA).zip","Rogue Galaxy","https://myrient.erista.me/files/Redump/Sony%20-%20PlayStation%202/Rogue%20Galaxy%20%28USA%29.zip","28-Mar-2022 17:43","4.9 GiB","RPG",8.5
"Romancing SaGa - Minstrel Song (Japan).zip","Romancing SaGa - Minstrel Song","https://myrient.erista.me/files/Redump/Sony%20-%20PlayStation%202/Romancing%20SaGa%20-%20Minstrel%20Song%20%28Japan%29.zip","28-Mar-2022 06:23","2.6 GiB","RPG",7.9
"Rule of Rose (USA) (Trade Demo).zip","Rule of Rose","https://myrient.erista.me/files/Redump/Sony%20-%20PlayStation%202/Rule%20of%20Rose%20%28USA%29%20%28Trade%20Demo%29.zip","20-Jul-2025 07:56","2.2 GiB","Horror",7.7
"Rygar - The Legendary Adventure (USA).zip","Rygar - The Legendary Adventure","https://myrient.erista.me/files/Redump/Sony%20-%20PlayStation%202/Rygar%20-%20The%20Legendary%20Adventure%20%28USA%29.zip","30-Mar-2022 03:29","1.1 GiB","Action",7.8
"SOCOM - U.S. Navy SEALs (USA) (v1.00).zip","SOCOM - U.S. Navy SEALs","https://myrient.erista.me/files/Redump/Sony%20-%20PlayStation%202/SOCOM%20-%20U.S.%20Navy%20SEALs%20%28USA%29%20%28v1.00%29.zip","28-Mar-2022 07:47","2.8 GiB","Shooter",8.5
"SOCOM 3 - U.S. Navy SEALs (USA).zip","SOCOM 3 - U.S. Navy SEALs","https://myrient.erista.me/files/Redump/Sony%20-%20PlayStation%202/SOCOM%203%20-%20U.S.%20Navy%20SEALs%20%28USA%29.zip","29-Mar-2022 01:30","3.0 GiB","Shooter",8.5
"SOCOM II - U.S. Navy SEALs (USA).zip","SOCOM II - U.S. Navy SEALs","https://myrient.erista.me/files/Redump/Sony%20-%20PlayStation%202/SOCOM%20II%20-%20U.S.%20Navy%20SEALs%20%28USA%29.zip","29-Mar-2022 09:34","3.4 GiB","Shooter",8.7
"SSX 3 (USA).zip","SSX 3","https://myrient.erista.me/files/Redump/Sony%20-%20PlayStation%202/SSX%203%20%28USA%29.zip","28-Mar-2022 15:23","2.0 GiB","Sports",8.9
"SSX Tricky (USA).zip","SSX Tricky","https://myrient.erista.me/files/Redump/Sony%20-%20PlayStation%202/SSX%20Tricky%20%28USA%29.zip","29-Mar-2022 14:38","2.3 GiB","Sports",8.9
"SSX on Tour (USA).zip","SSX on Tour","https://myrient.erista.me/files/Redump/Sony%20-%20PlayStation%202/SSX%20on%20Tour%20%28USA%29.zip","27-Mar-2024 00:30","1.1 GiB","Sports",8.4
"Sakura Wars - So Long, My Love (USA) (Disc 1) (English Voice Over).zip","Sakura Wars - So Long, My Love","https://myrient.erista.me/files/Redump/Sony%20-%20PlayStation%202/Sakura%20Wars%20-%20So%20Long%2C%20My%20Love%20%28USA%29%20%28Disc%201%29%20%28English%20Voice%20Over%29.zip","28-Mar-2022 08:30","6.1 GiB","Shooter",8.2
"Samurai Champloo - Sidetracked (USA).zip","Samurai Champloo - Sidetracked","https://myrient.erista.me/files/Redump/Sony%20-%20PlayStation%202/Samurai%20Champloo%20-%20Sidetracked%20%28USA%29.zip","29-Mar-2022 10:40","1.8 GiB","Action",7.5
"Samurai Warriors (USA).zip","Samurai Warriors","https://myrient.erista.me/files/Redump/Sony%20-%20PlayStation%202/Samurai%20Warriors%20%28USA%29.zip","28-Mar-2022 17:42","2.2 GiB","Action",8.2
"Samurai Warriors 2 (USA).zip","Samurai Warriors 2","https://myrient.erista.me/files/Redump/Sony%20-%20PlayStation%202/Samurai%20Warriors%202%20%28USA%29.zip","28-Mar-2022 21:51","3.6 GiB","Action",8.3
"Scarface - The World Is Yours (USA).zip","Scarface - The World Is Yours","https://myrient.erista.me/files/Redump/Sony%20-%20PlayStation%202/Scarface%20-%20The%20World%20Is%20Yours%20%28USA%29.zip","29-Mar-2022 11:30","2.6 GiB","Action",8.3
"Seven Samurai 20XX (USA).zip","Seven Samurai 20XX","https://myrient.erista.me/files/Redump/Sony%20-%20PlayStation%202/Seven%20Samurai%2020XX%20%28USA%29.zip","29-Mar-2022 11:03","2.6 GiB","Action",7.3
"Shadow Hearts (USA).zip","Shadow Hearts","https://myrient.erista.me/files/Redump/Sony%20-%20PlayStation%202/Shadow%20Hearts%20%28USA%29.zip","28-Mar-2022 16:22","2.2 GiB","RPG",8.5
"Shadow Hearts - Covenant (USA) (Disc 1).zip","Shadow Hearts - Covenant","https://myrient.erista.me/files/Redump/Sony%20-%20PlayStation%202/Shadow%20Hearts%20-%20Covenant%20%28USA%29%20%28Disc%201%29.zip","28-Mar-2022 14:57","2.2 GiB","RPG",8.8
"Shadow Hearts - From the New World (USA).zip","Shadow Hearts - From the New World","https://myrient.erista.me/files/Redump/Sony%20-%20PlayStation%202/Shadow%20Hearts%20-%20From%20the%20New%20World%20%28USA%29.zip","30-Mar-2022 06:13","3.5 GiB","RPG",8.3
"Shadow of the Colossus (USA).zip","Shadow of the Colossus","https://myrient.erista.me/files/Redump/Sony%20-%20PlayStation%202/Shadow%20of%20the%20Colossus%20%28USA%29.zip","30-Mar-2022 02:41","1.2 GiB","Adventure",9.2
"ShellShock - Nam '67 (USA).zip","ShellShock - Nam '67","https://myrient.erista.me/files/Redump/Sony%20-%20PlayStation%202/ShellShock%20-%20Nam%20%2767%20%28USA%29.zip","29-Mar-2022 20:41","2.0 GiB","Action",7.2
"Shin Megami Tensei - Nocturne (USA) (Trade Demo).zip","Shin Megami Tensei - Nocturne","https://myrient.erista.me/files/Redump/Sony%20-%20PlayStation%202/Shin%20Megami%20Tensei%20-%20Nocturne%20%28USA%29%20%28Trade%20Demo%29.zip","20-Jul-2025 07:57","2.1 GiB","RPG",8.7
"Shinobi (USA) (Trade Demo).zip","Shinobi","https://myrient.erista.me/files/Redump/Sony%20-%20PlayStation%202/Shinobi%20%28USA%29%20%28Trade%20Demo%29.zip","20-Jul-2025 07:58","1.4 GiB","Action",8.3
"Silent Hill 2 (USA) (En,Ja) (v1.20).zip","Silent Hill 2","https://myrient.erista.me/files/Redump/Sony%20-%20PlayStation%202/Silent%20Hill%202%20%28USA%29%20%28En%2CJa%29%20%28v1.20%29.zip","30-Mar-2022 03:57","2.1 GiB","Shooter",9.5
"Silent Hill 3 (USA) (En,Ja,Fr,De,Es,It,Ko).zip","Silent Hill 3","https://myrient.erista.me/files/Redump/Sony%20-%20PlayStation%202/Silent%20Hill%203%20%28USA%29%20%28En%2CJa%2CFr%2CDe%2CEs%2CIt%2CKo%29.zip","30-Mar-2022 02:27","2.3 GiB","Shooter",8.9
"Silent Hill 4 - The Room (USA) (En,Ja).zip","Silent Hill 4 - The Room","https://myrient.erista.me/files/Redump/Sony%20-%20PlayStation%202/Silent%20Hill%204%20-%20The%20Room%20%28USA%29%20%28En%2CJa%29.zip","30-Mar-2022 01:43","2.3 GiB","Shooter",7.9
"Silent Hill Origins (USA) (En,Fr,De,Es,It).zip","Silent Hill Origins","https://myrient.erista.me/files/Redump/Sony%20-%20PlayStation%202/Silent%20Hill%20Origins%20%28USA%29%20%28En%2CFr%2CDe%2CEs%2CIt%29.zip","28-Mar-2022 22:20","2.6 GiB","Shooter",7.8
"SingStar (Europe, Australia).zip","SingStar","https://myrient.erista.me/files/Redump/Sony%20-%20PlayStation%202/SingStar%20%28Europe%2C%20Australia%29.zip","28-Mar-2022 10:53","3.8 GiB","Music/Rhythm",7.9
"Siren 2 (Asia).zip","Siren 2","https://myrient.erista.me/files/Redump/Sony%20-%20PlayStation%202/Siren%202%20%28Asia%29.zip","26-Jul-2025 18:00","3.1 GiB","Adventure",7.9
"Sly 2 - Band of Thieves (USA) (Demo 1).zip","Sly 2 - Band of Thieves","https://myrient.erista.me/files/Redump/Sony%20-%20PlayStation%202/Sly%202%20-%20Band%20of%20Thieves%20%28USA%29%20%28Demo%201%29.zip","28-Mar-2022 08:59","372.7 MiB","Platformer",8.8
"Sly 3 - Honor Among Thieves (USA) (Demo 1).zip","Sly 3 - Honor Among Thieves","https://myrient.erista.me/files/Redump/Sony%20-%20PlayStation%202/Sly%203%20-%20Honor%20Among%20Thieves%20%28USA%29%20%28Demo%201%29.zip","28-Mar-2022 11:35","372.6 MiB","Platformer",8.7
"Sly Cooper and the Thievius Raccoonus (USA).zip","Sly Cooper and the Thievius Raccoonus","https://myrient.erista.me/files/Redump/Sony%20-%20PlayStation%202/Sly%20Cooper%20and%20the%20Thievius%20Raccoonus%20%28USA%29.zip","28-Mar-2022 13:18","2.4 GiB","Adventure",8.6
"Soul Nomad & the World Eaters (USA).zip","Soul Nomad & the World Eaters","https://myrient.erista.me/files/Redump/Sony%20-%20PlayStation%202/Soul%20Nomad%20%26%20the%20World%20Eaters%20%28USA%29.zip","29-Mar-2022 00:27","1.4 GiB","Action",8.2
"Soul Reaver 2 (Asia).zip","Soul Reaver 2","https://myrient.erista.me/files/Redump/Sony%20-%20PlayStation%202/Soul%20Reaver%202%20%28Asia%29.zip","30-Mar-2022 07:31","1.5 GiB","Action",8.4
"Spawn - Armageddon (USA).zip","Spawn - Armageddon","https://myrient.erista.me/files/Redump/Sony%20-%20PlayStation%202/Spawn%20-%20Armageddon%20%28USA%29.zip","29-Mar-2022 11:28","869.6 MiB","Action",7.0
"Sphinx and the Cursed Mummy (USA).zip","Sphinx and the Cursed Mummy","https://myrient.erista.me/files/Redump/Sony%20-%20PlayStation%202/Sphinx%20and%20the%20Cursed%20Mummy%20%28USA%29.zip","29-Mar-2022 20:19","870.4 MiB","Action",8.0
"Spider-Man 2 (USA).zip","Spider-Man 2","https://myrient.erista.me/files/Redump/Sony%20-%20PlayStation%202/Spider-Man%202%20%28USA%29.zip","29-Mar-2022 11:48","1.2 GiB","Action",8.5
"Spider-Man 3 (USA) (v1.02).zip","Spider-Man 3","https://myrient.erista.me/files/Redump/Sony%20-%20PlayStation%202/Spider-Man%203%20%28USA%29%20%28v1.02%29.zip","25-Apr-2022 20:00","2.0 GiB","Action",7.2
"Spyro - Enter the Dragonfly (USA).zip","Spyro - Enter the Dragonfly","https://myrient.erista.me/files/Redump/Sony%20-%20PlayStation%202/Spyro%20-%20Enter%20the%20Dragonfly%20%28USA%29.zip","29-Mar-2022 21:32","874.8 MiB","Sports",7.2
"Star Ocean - Till the End of Time (USA) (Disc 1).zip","Star Ocean - Till the End of Time","https://myrient.erista.me/files/Redump/Sony%20-%20PlayStation%202/Star%20Ocean%20-%20Till%20the%20End%20of%20Time%20%28USA%29%20%28Disc%201%29.zip","29-Mar-2022 01:08","3.7 GiB","RPG",8.5
"Star Wars - Battlefront II (USA) (v1.01).zip","Star Wars - Battlefront II","https://myrient.erista.me/files/Redump/Sony%20-%20PlayStation%202/Star%20Wars%20-%20Battlefront%20II%20%28USA%29%20%28v1.01%29.zip","29-Mar-2022 14:26","1.9 GiB","Shooter",8.6
"Steambot Chronicles (USA) (Trade Demo).zip","Steambot Chronicles","https://myrient.erista.me/files/Redump/Sony%20-%20PlayStation%202/Steambot%20Chronicles%20%28USA%29%20%28Trade%20Demo%29.zip","20-Jul-2025 07:58","1.7 GiB","Action",8.0
"Street Fighter Alpha Anthology (USA).zip","Street Fighter Alpha Anthology","https://myrient.erista.me/files/Redump/Sony%20-%20PlayStation%202/Street%20Fighter%20Alpha%20Anthology%20%28USA%29.zip","30-Mar-2022 09:41","1.6 GiB","Fighting",8.5
"Suikoden III (USA).zip","Suikoden III","https://myrient.erista.me/files/Redump/Sony%20-%20PlayStation%202/Suikoden%20III%20%28USA%29.zip","29-Mar-2022 06:20","1.8 GiB","RPG",8.5
"Suikoden V (USA).zip","Suikoden V","https://myrient.erista.me/files/Redump/Sony%20-%20PlayStation%202/Suikoden%20V%20%28USA%29.zip","29-Mar-2022 21:52","3.8 GiB","RPG",8.6
"Superman - Shadow of Apokolips (USA).zip","Superman - Shadow of Apokolips","https://myrient.erista.me/files/Redump/Sony%20-%20PlayStation%202/Superman%20-%20Shadow%20of%20Apokolips%20%28USA%29.zip","28-Mar-2022 16:27","986.6 MiB","Action",6.5
"Syphon Filter - Dark Mirror (USA).zip","Syphon Filter - Dark Mirror","https://myrient.erista.me/files/Redump/Sony%20-%20PlayStation%202/Syphon%20Filter%20-%20Dark%20Mirror%20%28USA%29.zip","28-Mar-2022 08:03","3.2 GiB","Shooter",8.4
"Syphon Filter - The Omega Strain (USA).zip","Syphon Filter - The Omega Strain","https://myrient.erista.me/files/Redump/Sony%20-%20PlayStation%202/Syphon%20Filter%20-%20The%20Omega%20Strain%20%28USA%29.zip","28-Mar-2022 14:39","2.6 GiB","Shooter",8.2
"Tak and the Power of Juju (USA).zip","Tak and the Power of Juju","https://myrient.erista.me/files/Redump/Sony%20-%20PlayStation%202/Tak%20and%20the%20Power%20of%20Juju%20%28USA%29.zip","28-Mar-2022 17:31","2.2 GiB","Platformer",7.5
"Tales of Symphonia (Japan).zip","Tales of Symphonia","https://myrient.erista.me/files/Redump/Sony%20-%20PlayStation%202/Tales%20of%20Symphonia%20%28Japan%29.zip","29-Mar-2022 16:43","2.8 GiB","RPG",8.9
"Tales of the Abyss (USA).zip","Tales of the Abyss","https://myrient.erista.me/files/Redump/Sony%20-%20PlayStation%202/Tales%20of%20the%20Abyss%20%28USA%29.zip","29-Mar-2022 07:41","3.1 GiB","RPG",8.7
"Teen Titans (USA).zip","Teen Titans","https://myrient.erista.me/files/Redump/Sony%20-%20PlayStation%202/Teen%20Titans%20%28USA%29.zip","29-Mar-2022 02:28","579.0 MiB","Action",7.2
"Teenage Mutant Ninja Turtles (USA).zip","Teenage Mutant Ninja Turtles","https://myrient.erista.me/files/Redump/Sony%20-%20PlayStation%202/Teenage%20Mutant%20Ninja%20Turtles%20%28USA%29.zip","30-Mar-2022 00:18","985.4 MiB","Action",7.5
"Teenage Mutant Ninja Turtles 2 - Battle Nexus (USA).zip","Teenage Mutant Ninja Turtles 2 - Battle Nexus","https://myrient.erista.me/files/Redump/Sony%20-%20PlayStation%202/Teenage%20Mutant%20Ninja%20Turtles%202%20-%20Battle%20Nexus%20%28USA%29.zip","28-Mar-2022 09:02","2.1 GiB","Strategy",7.3
"Teenage Mutant Ninja Turtles 3 - Mutant Nightmare (USA).zip","Teenage Mutant Ninja Turtles 3 - Mutant Nightmare","https://myrient.erista.me/files/Redump/Sony%20-%20PlayStation%202/Teenage%20Mutant%20Ninja%20Turtles%203%20-%20Mutant%20Nightmare%20%28USA%29.zip","29-Mar-2022 16:55","2.0 GiB","Action",7.0
"Tekken 4 (USA) (Trade Demo).zip","Tekken 4","https://myrient.erista.me/files/Redump/Sony%20-%20PlayStation%202/Tekken%204%20%28USA%29%20%28Trade%20Demo%29.zip","20-Jul-2025 07:58","404.0 MiB","Fighting",8.3
"Tekken 5 (USA).zip","Tekken 5","https://myrient.erista.me/files/Redump/Sony%20-%20PlayStation%202/Tekken%205%20%28USA%29.zip","28-Mar-2022 08:46","3.7 GiB","Fighting",8.9
"Tekken Tag Tournament (USA) (v1.00).zip","Tekken Tag Tournament","https://myrient.erista.me/files/Redump/Sony%20-%20PlayStation%202/Tekken%20Tag%20Tournament%20%28USA%29%20%28v1.00%29.zip","30-Mar-2022 01:00","436.0 MiB","Fighting",8.8
"Tenchu - Fatal Shadows (USA).zip","Tenchu - Fatal Shadows","https://myrient.erista.me/files/Redump/Sony%20-%20PlayStation%202/Tenchu%20-%20Fatal%20Shadows%20%28USA%29.zip","29-Mar-2022 13:42","2.8 GiB","Action",7.8
"Tenchu - Wrath of Heaven (USA) (En,Ja).zip","Tenchu - Wrath of Heaven","https://myrient.erista.me/files/Redump/Sony%20-%20PlayStation%202/Tenchu%20-%20Wrath%20of%20Heaven%20%28USA%29%20%28En%2CJa%29.zip","28-Mar-2022 06:21","2.8 GiB","Action",8.4
"TimeSplitters - Future Perfect (USA).zip","TimeSplitters - Future Perfect","https://myrient.erista.me/files/Redump/Sony%20-%20PlayStation%202/TimeSplitters%20-%20Future%20Perfect%20%28USA%29.zip","30-Mar-2022 02:46","3.0 GiB","Shooter",8.8
"TimeSplitters 2 (USA).zip","TimeSplitters 2","https://myrient.erista.me/files/Redump/Sony%20-%20PlayStation%202/TimeSplitters%202%20%28USA%29.zip","30-Mar-2022 00:54","1.1 GiB","Shooter",8.9
"Tony Hawk's Pro Skater 3 (USA) (Rev 1).zip","Tony Hawk's Pro Skater 3","https://myrient.erista.me/files/Redump/Sony%20-%20PlayStation%202/Tony%20Hawk%27s%20Pro%20Skater%203%20%28USA%29%20%28Rev%201%29.zip","28-Mar-2022 22:18","2.8 GiB","Sports",9.1
"Tony Hawk's Pro Skater 4 (USA) (v1.02).zip","Tony Hawk's Pro Skater 4","https://myrient.erista.me/files/Redump/Sony%20-%20PlayStation%202/Tony%20Hawk%27s%20Pro%20Skater%204%20%28USA%29%20%28v1.02%29.zip","29-Mar-2022 19:22","2.7 GiB","Sports",9.0
"Tony Hawk's Underground (USA).zip","Tony Hawk's Underground","https://myrient.erista.me/files/Redump/Sony%20-%20PlayStation%202/Tony%20Hawk%27s%20Underground%20%28USA%29.zip","29-Mar-2022 02:49","3.5 GiB","Sports",8.8
"Tony Hawk's Underground 2 (USA).zip","Tony Hawk's Underground 2","https://myrient.erista.me/files/Redump/Sony%20-%20PlayStation%202/Tony%20Hawk%27s%20Underground%202%20%28USA%29.zip","30-Mar-2022 00:27","2.5 GiB","Sports",8.5
"Transformers (USA) (Trade Demo).zip","Transformers","https://myrient.erista.me/files/Redump/Sony%20-%20PlayStation%202/Transformers%20%28USA%29%20%28Trade%20Demo%29.zip","21-Jul-2025 19:41","130.5 MiB","Action",7.5
"Transformers - The Game (USA).zip","Transformers - The Game","https://myrient.erista.me/files/Redump/Sony%20-%20PlayStation%202/Transformers%20-%20The%20Game%20%28USA%29.zip","28-Mar-2022 12:33","1.8 GiB","Action",7.3
"True Crime - New York City (USA).zip","True Crime - New York City","https://myrient.erista.me/files/Redump/Sony%20-%20PlayStation%202/True%20Crime%20-%20New%20York%20City%20%28USA%29.zip","29-Mar-2022 10:49","2.0 GiB","Action",7.5
"True Crime - Streets of LA (USA).zip","True Crime - Streets of LA","https://myrient.erista.me/files/Redump/Sony%20-%20PlayStation%202/True%20Crime%20-%20Streets%20of%20LA%20%28USA%29.zip","29-Mar-2022 17:39","1.8 GiB","Action",8.0
"Twisted Metal - Black (USA).zip","Twisted Metal - Black","https://myrient.erista.me/files/Redump/Sony%20-%20PlayStation%202/Twisted%20Metal%20-%20Black%20%28USA%29.zip","30-Mar-2022 05:00","3.1 GiB","Action",8.8
"Ty the Tasmanian Tiger (USA) (En,Fr,De,Es).zip","Ty the Tasmanian Tiger","https://myrient.erista.me/files/Redump/Sony%20-%20PlayStation%202/Ty%20the%20Tasmanian%20Tiger%20%28USA%29%20%28En%2CFr%2CDe%2CEs%29.zip","15-Sep-2025 07:49","1.2 GiB","Platformer",7.6
"Ultimate Spider-Man (USA) (Limited Edition).zip","Ultimate Spider-Man","https://myrient.erista.me/files/Redump/Sony%20-%20PlayStation%202/Ultimate%20Spider-Man%20%28USA%29%20%28Limited%20Edition%29.zip","25-Apr-2022 20:02","2.8 GiB","Action",8.3
"Unlimited Saga (USA).zip","Unlimited Saga","https://myrient.erista.me/files/Redump/Sony%20-%20PlayStation%202/Unlimited%20Saga%20%28USA%29.zip","28-Mar-2022 12:57","2.3 GiB","RPG",6.8
"Urban Reign (USA).zip","Urban Reign","https://myrient.erista.me/files/Redump/Sony%20-%20PlayStation%202/Urban%20Reign%20%28USA%29.zip","28-Mar-2022 10:04","1.5 GiB","Action",7.9
"Valkyrie Profile 2 - Silmeria (USA).zip","Valkyrie Profile 2 - Silmeria","https://myrient.erista.me/files/Redump/Sony%20-%20PlayStation%202/Valkyrie%20Profile%202%20-%20Silmeria%20%28USA%29.zip","28-Mar-2022 07:51","3.5 GiB","RPG",8.4
"Van Helsing (USA).zip","Van Helsing","https://myrient.erista.me/files/Redump/Sony%20-%20PlayStation%202/Van%20Helsing%20%28USA%29.zip","30-Mar-2022 03:08","1.1 GiB","Music/Rhythm",7.2
"Vexx (USA).zip","Vexx","https://myrient.erista.me/files/Redump/Sony%20-%20PlayStation%202/Vexx%20%28USA%29.zip","28-Mar-2022 09:07","1.6 GiB","Action",7.4
"Viewtiful Joe (USA).zip","Viewtiful Joe","https://myrient.erista.me/files/Redump/Sony%20-%20PlayStation%202/Viewtiful%20Joe%20%28USA%29.zip","29-Mar-2022 10:58","1.7 GiB","Action",8.8
"Viewtiful Joe 2 (USA).zip","Viewtiful Joe 2","https://myrient.erista.me/files/Redump/Sony%20-%20PlayStation%202/Viewtiful%20Joe%202%20%28USA%29.zip","28-Mar-2022 22:50","769.3 MiB","Action",8.5
"WWE SmackDown vs. Raw 2007 (USA) (v1.01).zip","WWE SmackDown vs. Raw 2007","https://myrient.erista.me/files/Redump/Sony%20-%20PlayStation%202/WWE%20SmackDown%20vs.%20Raw%202007%20%28USA%29%20%28v1.01%29.zip","27-Mar-2024 00:53","3.4 GiB","Sports",8.4
"WWE SmackDown! Here Comes the Pain (USA).zip","WWE SmackDown! Here Comes the Pain","https://myrient.erista.me/files/Redump/Sony%20-%20PlayStation%202/WWE%20SmackDown%21%20Here%20Comes%20the%20Pain%20%28USA%29.zip","29-Mar-2022 04:15","2.5 GiB","Sports",8.7
"WWE SmackDown! vs. Raw 2006 (USA).zip","WWE SmackDown! vs. Raw 2006","https://myrient.erista.me/files/Redump/Sony%20-%20PlayStation%202/WWE%20SmackDown%21%20vs.%20Raw%202006%20%28USA%29.zip","30-Mar-2022 03:50","2.8 GiB","Sports",8.5
"Warriors Orochi (USA).zip","Warriors Orochi","https://myrient.erista.me/files/Redump/Sony%20-%20PlayStation%202/Warriors%20Orochi%20%28USA%29.zip","28-Mar-2022 18:22","1.8 GiB","Action",8.4
"Way of the Samurai (USA).zip","Way of the Samurai","https://myrient.erista.me/files/Redump/Sony%20-%20PlayStation%202/Way%20of%20the%20Samurai%20%28USA%29.zip","29-Mar-2022 00:33","446.9 MiB","Action",7.6
"Way of the Samurai 2 (USA).zip","Way of the Samurai 2","https://myrient.erista.me/files/Redump/Sony%20-%20PlayStation%202/Way%20of%20the%20Samurai%202%20%28USA%29.zip","29-Mar-2022 00:19","1.1 GiB","Action",7.9
"We Love Katamari (USA).zip","We Love Katamari","https://myrient.erista.me/files/Redump/Sony%20-%20PlayStation%202/We%20Love%20Katamari%20%28USA%29.zip","28-Mar-2022 08:05","1.6 GiB","Puzzle",8.7
"Whiplash (USA).zip","Whiplash","https://myrient.erista.me/files/Redump/Sony%20-%20PlayStation%202/Whiplash%20%28USA%29.zip","29-Mar-2022 22:57","778.7 MiB","Action",7.2
"Wild Arms 3 (USA).zip","Wild Arms 3","https://myrient.erista.me/files/Redump/Sony%20-%20PlayStation%202/Wild%20Arms%203%20%28USA%29.zip","29-Mar-2022 00:02","1.9 GiB","RPG",8.3
"X-Men Legends (USA).zip","X-Men Legends","https://myrient.erista.me/files/Redump/Sony%20-%20PlayStation%202/X-Men%20Legends%20%28USA%29.zip","30-Mar-2022 03:17","1.4 GiB","RPG",8.4
"X-Men Legends II - Rise of Apocalypse (USA).zip","X-Men Legends II - Rise of Apocalypse","https://myrient.erista.me/files/Redump/Sony%20-%20PlayStation%202/X-Men%20Legends%20II%20-%20Rise%20of%20Apocalypse%20%28USA%29.zip","29-Mar-2022 12:49","1.4 GiB","RPG",8.6
"X2 - Wolverine's Revenge (USA).zip","X2 - Wolverine's Revenge","https://myrient.erista.me/files/Redump/Sony%20-%20PlayStation%202/X2%20-%20Wolverine%27s%20Revenge%20%28USA%29.zip","28-Mar-2022 07:23","1.4 GiB","Action",7.4
"Ys - The Ark of Napishtim (USA) (En,Ja).zip","Ys - The Ark of Napishtim","https://myrient.erista.me/files/Redump/Sony%20-%20PlayStation%202/Ys%20-%20The%20Ark%20of%20Napishtim%20%28USA%29%20%28En%2CJa%29.zip","28-Mar-2022 22:37","3.4 GiB","Action",8.3
"Yu-Gi-Oh! Capsule Monster Coliseum (USA).zip","Yu-Gi-Oh! Capsule Monster Coliseum","https://myrient.erista.me/files/Redump/Sony%20-%20PlayStation%202/Yu-Gi-Oh%21%20Capsule%20Monster%20Coliseum%20%28USA%29.zip","30-Mar-2022 03:18","1.1 GiB","Action",7.2
"Yu-Gi-Oh! The Duelists of the Roses (USA).zip","Yu-Gi-Oh! The Duelists of the Roses","https://myrient.erista.me/files/Redump/Sony%20-%20PlayStation%202/Yu-Gi-Oh%21%20The%20Duelists%20of%20the%20Roses%20%28USA%29.zip","29-Mar-2022 04:54","1002.0 MiB","Action",7.6
"Zone of the Enders - The 2nd Runner (USA).zip","Zone of the Enders - The 2nd Runner","https://myrient.erista.me/files/Redump/Sony%20-%20PlayStation%202/Zone%20of%20the%20Enders%20-%20The%202nd%20Runner%20%28USA%29.zip","28-Mar-2022 05:25","1.8 GiB","Action",8.9
